日付,開始,終了,メモ
日付,開始,終了,メモ
日付,開始,終了,メモ
日付,開始,終了,メモ
日付,開始,終了,メモ
日付,開始,終了,メモ
日付,開始,終了,メモ
2025-05-20,18:00:00,20:00:00,
2025-05-21,18:24:00,18:24:00,
2025-05-24,18:24:00,18:24:00,
2025-05-27,18:24:00,18:24:00,
2025-05-26,17:00:00,23:00:00,"kana
"
2025-05-28,17:00:00,23:00:00,"kana
"
2025-05-21,10:00:00,14:00:00,azu
2025-05-21,17:00:00,23:00:00,kana
2025-05-26,08:30:00,14:00:00,kana
2025-05-28,08:30:00,14:00:00,kana
2025-05-28,00:30:00,01:45:00,kana
2025-05-29,00:30:00,01:45:00,kana
2025-05-30,00:30:00,01:45:00,kana
2025-05-28,17:00:00,23:00:00,kana
2025-05-31,17:00:00,23:00:00,kana
2025-06-04,17:00:00,23:00:00,kana
